,Actual_DT,Actual_ET,LI_8100_Vent,Multiplexer_CO2_1,Multiplexer_CO2_2,Multiplexer_CO2_3,Picarro_ANEM,Picarro_CO2,Vent_Anem_Temp
0,2019-08-15 09:55:00,1565884500.0,,,,,,1565884593.5,
1,2019-08-15 09:56:00,1565884560.0,,,,,,1565884653.4,
2,2019-08-15 09:57:00,1565884620.0,,,,,,1565884713.5,
3,2019-08-15 16:55:00,1565909700.0,,,,,,1565909793.2,
4,2019-08-15 16:56:00,1565909760.0,,,,,,1565909853.5,
5,2019-08-15 16:57:00,1565909820.0,,,,,,1565909913.3,
6,2019-08-16 09:39:00,1565969940.0,,,,,,1565970034.2,
7,2019-08-16 09:40:00,1565970000.0,,,,,,1565970094.0,
8,2019-08-16 09:41:00,1565970060.0,,,,,,1565970154.0,
9,2019-08-16 17:17:00,1565997420.0,,,,,,1565997514.1,
10,2019-08-16 17:18:00,1565997480.0,,,,,,1565997574.4,
11,2019-08-16 17:19:00,1565997540.0,,,,,,1565997634.4,
12,2019-08-19 08:27:00,1566224820.0,,,,,,1566224916.7,
13,2019-08-19 08:28:00,1566224880.0,,,,,,1566224976.6,
14,2019-08-19 08:29:00,1566224940.0,,,,,,1566225036.6,
15,2019-08-19 19:16:00,1566263760.0,,,,,,1566263856.6,
16,2019-08-19 19:17:00,1566263820.0,,,,,,1566263916.8,
17,2019-08-19 19:18:00,1566263880.0,,,,,,1566263976.7,
18,2019-08-20 08:42:00,1566312120.0,,,,,,1566312217.2,
19,2019-08-20 08:43:00,1566312180.0,,,,,,1566312277.2,
20,2019-08-20 22:00:00,1566360000.0,,,,,,1566360097.6,
21,2019-08-20 22:01:00,1566360060.0,,,,,,1566360157.6,
22,2019-08-20 22:02:00,1566360120.0,,,,,,1566360217.6,
23,2019-08-21 08:47:00,1566398820.0,,,,,,1566398917.9,
24,2019-08-21 08:48:00,1566398880.0,,,,,,1566398978.0,
25,2019-08-21 08:49:00,1566398940.0,,,,,,1566399038.1,
26,2019-08-21 18:30:00,1566433800.0,,,,,,1566433898.1,
27,2019-08-21 18:31:00,1566433860.0,,,,,,1566433958.3,
28,2019-08-21 18:32:00,1566433920.0,,,,,,1566434018.3,
29,2019-08-15 09:38:00,1565883480.0,,1565883605,1565883605,1565883605,,,
30,2019-08-15 09:39:00,1565883540.0,,1565883664,1565883665,1565883665,,,
31,2019-08-15 09:40:00,1565883600.0,,1565883724,1565883724,1565883724,,,
32,2019-08-15 16:45:00,1565909100.0,,1565909227,1565909226,1565909227,,,
33,2019-08-15 16:46:00,1565909160.0,,1565909287,1565909287,1565909287,,,
34,2019-08-15 16:47:00,1565909220.0,,1565909347,1565909347,1565909347,,,
35,2019-08-16 09:21:00,1565968860.0,,1565968991,1565968991,1565968991,,,
36,2019-08-16 09:23:00,1565968980.0,,1565969111,1565969111,1565969111,,,
37,2019-08-16 17:10:00,1565997000.0,,1565997135,1565997135,1565997135,,,
38,2019-08-16 17:11:00,1565997060.0,,1565997195,1565997194,1565997195,,,
39,2019-08-16 17:12:00,1565997120.0,,1565997254,1565997254,1565997254,,,
40,2019-08-19 08:52:00,1566226320.0,,1566226475,1566226475,1566226476,,,
41,2019-08-19 08:53:00,1566226380.0,,1566226536,1566226536,1566226536,,,
42,2019-08-19 08:54:00,1566226440.0,,1566226595,1566226595,1566226595,,,
43,2019-08-19 19:08:00,1566263280.0,,1566263437,1566263436,1566263437,,,
44,2019-08-19 19:09:00,1566263340.0,,1566263497,1566263497,1566263497,,,
45,2019-08-19 19:10:00,1566263400.0,,1566263557,1566263557,1566263557,,,
46,2019-08-20 08:26:00,1566311160.0,,1566311322,1566311322,1566311322,,,
47,2019-08-20 08:27:00,1566311220.0,,1566311382,1566311383,1566311383,,,
48,2019-08-20 08:28:00,1566311280.0,,1566311442,1566311443,1566311442,,,
49,2019-08-20 21:52:00,1566359520.0,,1566359687,1566359687,1566359687,,,
50,2019-08-20 21:53:00,1566359580.0,,1566359747,1566359747,1566359747,,,
51,2019-08-20 21:54:00,1566359640.0,,1566359806,1566359806,1566359806,,,
52,2019-08-21 08:28:00,1566397680.0,,1566397849,1566397848,1566397851,,,
53,2019-08-21 08:29:00,1566397740.0,,1566397909,1566397909,1566397909,,,
54,2019-08-21 08:30:00,1566397800.0,,1566397970,1566397969,1566397970,,,
55,2019-08-21 18:11:00,1566432660.0,,1566432831,1566432831,1566432831,,,
56,2019-08-21 18:12:00,1566432720.0,,1566432891,1566432891,1566432891,,,
57,2019-08-21 18:13:00,1566432780.0,,1566432951,1566432951,1566432951,,,
58,2019-08-15 09:22:00,1565882520.0,1565882807,,,,,,
59,2019-08-15 09:23:00,1565882580.0,1565882867,,,,,,
60,2019-08-15 09:24:00,1565882640.0,1565882926,,,,,,
61,2019-08-15 16:35:00,1565908500.0,1565908786,,,,,,
62,2019-08-15 16:36:00,1565908560.0,1565908846,,,,,,
63,2019-08-15 16:37:00,1565908620.0,1565908906,,,,,,
64,2019-08-16 09:04:00,1565967840.0,1565968134,,,,,,
65,2019-08-16 09:05:00,1565967900.0,1565968194,,,,,,
66,2019-08-16 09:06:00,1565967960.0,1565968254,,,,,,
67,2019-08-16 17:00:00,1565996400.0,1565996693,,,,,,
68,2019-08-16 17:01:00,1565996460.0,1565996753,,,,,,
69,2019-08-16 17:02:00,1565996520.0,1565996813,,,,,,
70,2019-08-19 08:37:00,1566225420.0,1566225737,,,,,,
71,2019-08-19 08:38:00,1566225480.0,1566225797,,,,,,
72,2019-08-19 08:39:00,1566225540.0,1566225857,,,,,,
73,2019-08-19 19:00:00,1566262800.0,1566263116,,,,,,
74,2019-08-19 19:01:00,1566262860.0,1566263177,,,,,,
75,2019-08-19 19:02:00,1566262920.0,1566263236,,,,,,
76,2019-08-20 08:33:00,1566311580.0,1566311905,,,,,,
77,2019-08-20 08:34:00,1566311640.0,1566311965,,,,,,
78,2019-08-20 08:35:00,1566311700.0,1566312024,,,,,,
79,2019-08-20 21:44:00,1566359040.0,1566359363,,,,,,
80,2019-08-20 21:45:00,1566359100.0,1566359424,,,,,,
81,2019-08-20 21:46:00,1566359160.0,1566359483,,,,,,
82,2019-08-21 08:40:00,1566398400.0,1566398733,,,,,,
83,2019-08-21 08:41:00,1566398460.0,1566398793,,,,,,
84,2019-08-21 08:42:00,1566398520.0,1566398853,,,,,,
85,2019-08-21 18:18:00,1566433080.0,1566433412,,,,,,
86,2019-08-21 18:19:00,1566433140.0,1566433472,,,,,,
87,2019-08-21 18:20:00,1566433200.0,1566433532,,,,,,
88,2019-08-29 08:21:00,1567088460.0,,,,,,1567088564.6,
89,2019-08-29 08:22:00,1567088520.0,,,,,,1567088624.4,
90,2019-08-29 08:23:00,1567088580.0,,,,,,1567088684.4,
91,2019-08-29 08:24:00,1567088640.0,,,,,,1567088744.6,
92,2019-08-29 08:24:30,1567088670.0,,,,,,1567088774.7,
93,2019-08-29 18:32:00,1567125120.0,,,,,,1567125224.7,
94,2019-08-29 18:34:00,1567125240.0,,,,,,1567125344.9,
95,2019-08-30 08:35:00,1567175700.0,,,,,,1567175805.3,
96,2019-08-30 08:36:00,1567175760.0,,,,,,1567175865.2,
97,2019-08-30 08:37:00,1567175820.0,,,,,,1567175925.1,
98,2019-08-30 18:08:00,1567210080.0,,,,,,1567210185.4,
99,2019-08-30 18:09:00,1567210140.0,,,,,,1567210245.2,
100,2019-08-30 18:10:00,1567210200.0,,,,,,1567210305.4,
101,2019-09-04 08:09:00,1567606140.0,,,,,,1567606249.2,
102,2019-09-04 08:10:00,1567606200.0,,,,,,1567606309.3,
103,2019-09-04 20:20:00,1567650000.0,,,,,,1567650109.3,
104,2019-09-04 20:21:00,1567650060.0,,,,,,1567650169.5,
105,2019-09-04 20:22:00,1567650120.0,,,,,,1567650229.3,
106,2019-09-05 08:40:00,1567694400.0,,,,,,1567694509.9,
107,2019-09-05 08:41:00,1567694460.0,,,,,,1567694569.9,
108,2019-09-06 18:29:00,1567816140.0,,,,,,1567816251.0,
109,2019-09-06 18:30:00,1567816200.0,,,,,,1567816311.1,
110,2019-09-09 08:27:00,1568039220.0,,,,,,1568039333.3,
111,2019-09-09 08:28:00,1568039280.0,,,,,,1568039393.3,
112,2019-09-09 08:29:00,1568039340.0,,,,,,1568039453.5,
113,2019-09-09 08:30:00,1568039400.0,,,,,,1568039513.5,
114,2019-09-09 08:31:00,1568039460.0,,,,,,1568039573.4,
115,2019-09-09 20:19:00,1568081940.0,,,,,,1568082053.9,
116,2019-09-09 20:20:00,1568082000.0,,,,,,1568082113.9,
117,2019-09-09 20:21:00,1568082060.0,,,,,,1568082173.8,
118,2019-09-10 08:16:00,1568124960.0,,,,,,1568125074.5,
119,2019-09-10 08:17:00,1568125020.0,,,,,,1568125134.3,
120,2019-09-10 08:18:00,1568125080.0,,,,,,1568125194.4,
121,2019-09-10 19:02:00,1568163720.0,,,,,,1568163834.8,
122,2019-09-10 19:03:00,1568163780.0,,,,,,1568163894.7,
123,2019-09-10 19:04:00,1568163840.0,,,,,,1568163954.8,
124,2019-09-11 08:25:00,1568211900.0,,,,,,1568212015.4,
125,2019-09-11 08:26:00,1568211960.0,,,,,,1568212075.4,
126,2019-09-11 08:27:00,1568212020.0,,,,,,1568212135.4,
127,2019-09-11 19:31:00,1568251860.0,,,,,,1568251975.9,
128,2019-09-11 19:32:00,1568251920.0,,,,,,1568252035.9,
129,2019-09-11 19:33:00,1568251980.0,,,,,,1568252095.9,
130,2019-09-12 08:22:00,1568298120.0,,,,,,1568298236.3,
131,2019-09-12 08:23:00,1568298180.0,,,,,,1568298296.3,
132,2019-09-12 08:24:00,1568298240.0,,,,,,1568298356.2,
133,2019-09-12 11:30:00,1568309400.0,,,,,,1568309516.4,
134,2019-09-12 11:31:00,1568309460.0,,,,,,1568309576.3,
135,2019-09-12 11:32:00,1568309520.0,,,,,,1568309636.4,
136,2019-08-29 08:24:00,1567088640.0,,,,,1567088743.0,,
137,2019-08-29 08:24:30,1567088670.0,,,,,1567088772.1,,
138,2019-09-09 08:30:00,1568039400.0,,,,,1568039511.2,,
139,2019-09-09 08:31:00,1568039460.0,,,,,1568039570.9,,
140,2019-09-12 11:30:00,1568309400.0,,,,,1568309513.6,,
141,2019-09-12 11:31:00,1568309460.0,,,,,1568309573.5,,
142,2019-09-12 11:32:00,1568309520.0,,,,,1568309633.6,,
143,2019-08-29 08:58:00,1567090680.0,,1567090916,1567090916,1567090916,,,
144,2019-08-29 08:59:00,1567090740.0,,1567090977,1567090977,1567090977,,,
145,2019-08-29 09:00:00,1567090800.0,,1567091036,1567091036,1567091036,,,
146,2019-08-29 18:39:00,1567125540.0,,1567125778,1567125778,1567125778,,,
147,2019-08-29 18:40:00,1567125600.0,,1567125838,1567125837,1567125837,,,
148,2019-08-29 18:41:00,1567125660.0,,1567125898,1567125898,1567125899,,,
149,2019-08-30 08:57:00,1567177020.0,,1567177262,1567177262,1567177263,,,
150,2019-08-30 08:58:00,1567177080.0,,1567177322,1567177323,1567177323,,,
151,2019-08-30 08:59:00,1567177140.0,,1567177383,1567177383,1567177383,,,
152,2019-08-30 17:50:00,1567209000.0,,1567209245,1567209245,1567209245,,,
153,2019-08-30 17:51:00,1567209060.0,,1567209306,1567209306,1567209306,,,
154,2019-08-30 17:52:00,1567209120.0,,1567209365,1567209365,1567209365,,,
155,2019-09-04 08:38:00,1567607880.0,,1567608162,1567608162,1567608162,,,
156,2019-09-04 08:39:00,1567607940.0,,1567608221,1567608221,1567608221,,,
157,2019-09-04 08:40:00,1567608000.0,,1567608282,1567608282,1567608282,,,
158,2019-09-05 08:25:00,1567693500.0,,1567693790,1567693790,1567693790,,,
159,2019-09-05 08:26:00,1567693560.0,,1567693851,1567693851,1567693851,,,
160,2019-09-05 08:27:00,1567693620.0,,1567693910,1567693910,1567693910,,,
161,2019-09-09 09:32:00,1568043120.0,,1568043443,1568043444,1568043444,,,
162,2019-09-09 09:33:00,1568043180.0,,1568043503,1568043504,1568043504,,,
163,2019-09-09 09:34:00,1568043240.0,,1568043563,1568043563,1568043564,,,
164,2019-09-09 20:02:00,1568080920.0,,1568081247,1568081248,1568081247,,,
165,2019-09-09 20:03:00,1568080980.0,,1568081307,1568081307,1568081307,,,
166,2019-09-09 20:04:00,1568081040.0,,1568081367,1568081367,1568081367,,,
167,2019-09-10 08:25:00,1568125500.0,,1568125832,1568125832,1568125832,,,
168,2019-09-10 08:26:00,1568125560.0,,1568125892,1568125891,1568125892,,,
169,2019-09-12 08:30:00,1568298600.0,,1568298935,1568298935,1568298935,,,
170,2019-09-12 08:32:00,1568298720.0,,1568299054,1568299055,1568299055,,,
171,2019-08-29 08:32:00,1567089120.0,1567089514,,,,,,
172,2019-08-29 08:33:00,1567089180.0,1567089574,,,,,,
173,2019-08-29 08:34:00,1567089240.0,1567089634,,,,,,
174,2019-08-29 18:48:00,1567126080.0,1567126473,,,,,,
175,2019-08-29 18:49:00,1567126140.0,1567126533,,,,,,
176,2019-08-29 18:50:00,1567126200.0,1567126593,,,,,,
177,2019-08-30 08:45:00,1567176300.0,1567176701,,,,,,
178,2019-08-30 08:46:00,1567176360.0,1567176762,,,,,,
179,2019-08-30 08:47:00,1567176420.0,1567176822,,,,,,
180,2019-08-30 17:59:00,1567209540.0,1567209941,,,,,,
181,2019-08-30 18:00:00,1567209600.0,1567210001,,,,,,
182,2019-08-30 18:01:00,1567209660.0,1567210061,,,,,,
183,2019-09-04 08:22:00,1567606920.0,1567607361,,,,,,
184,2019-09-04 08:23:00,1567606980.0,1567607421,,,,,,
185,2019-09-04 08:24:00,1567607040.0,1567607481,,,,,,
186,2019-09-05 08:31:00,1567693860.0,1567694308,,,,,,
187,2019-09-05 08:32:00,1567693920.0,1567694367,,,,,,
188,2019-09-05 08:33:00,1567693980.0,1567694428,,,,,,
189,2019-09-06 18:18:00,1567815480.0,1567815924,,,,,,
190,2019-09-06 18:19:00,1567815540.0,1567815984,,,,,,
191,2019-09-06 18:20:00,1567815600.0,1567816044,,,,,,
192,2019-09-09 08:50:00,1568040600.0,1568041080,,,,,,
193,2019-09-09 08:51:00,1568040660.0,1568041140,,,,,,
194,2019-09-09 08:52:00,1568040720.0,1568041199,,,,,,
195,2019-09-09 20:09:00,1568081340.0,1568081819,,,,,,
196,2019-09-09 20:10:00,1568081400.0,1568081878,,,,,,
197,2019-09-09 20:11:00,1568081460.0,1568081938,,,,,,
198,2019-09-10 08:36:00,1568126160.0,1568126647,,,,,,
199,2019-09-10 08:37:00,1568126220.0,1568126707,,,,,,
200,2019-09-10 08:38:00,1568126280.0,1568126767,,,,,,
201,2019-09-10 18:51:00,1568163060.0,1568163546,,,,,,
202,2019-09-10 18:52:00,1568163120.0,1568163606,,,,,,
203,2019-09-10 18:53:00,1568163180.0,1568163666,,,,,,
204,2019-09-11 08:46:00,1568213160.0,1568213656,,,,,,
205,2019-09-11 08:47:00,1568213220.0,1568213716,,,,,,
206,2019-09-11 08:48:00,1568213280.0,1568213776,,,,,,
207,2019-09-11 19:41:00,1568252460.0,1568252955,,,,,,
208,2019-09-11 19:42:00,1568252520.0,1568253015,,,,,,
209,2019-09-11 19:43:00,1568252580.0,1568253075,,,,,,
210,2019-09-12 08:44:00,1568299440.0,1568299943,,,,,,
211,2019-09-12 08:45:00,1568299500.0,1568300003,,,,,,
212,2019-09-12 17:05:00,1568329500.0,,,,,,1568329616.5,
213,2019-09-12 17:06:00,1568329560.0,,,,,,1568329676.4,
214,2019-09-12 17:07:00,1568329620.0,,,,,,1568329736.6,
215,2019-09-12 17:08:00,1568329680.0,,,,,,1568329796.5,
216,2019-09-13 09:21:00,1568388060.0,,,,,,1568388177.3,
217,2019-09-13 09:22:00,1568388120.0,,,,,,1568388237.2,
218,2019-09-13 09:23:00,1568388180.0,,,,,,1568388297.3,
219,2019-09-14 11:16:00,1568481360.0,,,,,,1568481478.3,
220,2019-09-14 11:17:00,1568481420.0,,,,,,1568481538.2,
221,2019-09-14 11:18:00,1568481480.0,,,,,,1568481597.9,
222,2019-09-16 08:40:00,1568644800.0,,,,,,1568644919.8,
223,2019-09-16 08:41:00,1568644860.0,,,,,,1568644979.8,
224,2019-09-16 08:42:00,1568644920.0,,,,,,1568645039.7,
225,2019-09-16 21:27:00,1568690820.0,,,,,,1568690940.3,
226,2019-09-16 21:28:00,1568690880.0,,,,,,1568691000.3,
227,2019-09-17 08:47:00,1568731620.0,,,,,,1568731740.9,
228,2019-09-17 08:48:00,1568731680.0,,,,,,1568731800.7,
229,2019-09-17 08:49:00,1568731740.0,,,,,,1568731860.7,
230,2019-09-17 18:35:00,1568766900.0,,,,,,1568767021.2,
231,2019-09-17 18:36:00,1568766960.0,,,,,,1568767081.1,
232,2019-09-17 18:37:00,1568767020.0,,,,,,1568767141.1,
233,2019-09-18 09:12:00,1568819520.0,,,,,,1568819641.7,
234,2019-09-18 09:13:00,1568819580.0,,,,,,1568819701.7,
235,2019-09-18 19:14:00,1568855640.0,,,,,,1568855761.9,
236,2019-09-18 19:15:00,1568855700.0,,,,,,1568855822.0,
237,2019-09-18 19:16:00,1568855760.0,,,,,,1568855882.0,
238,2019-09-19 19:36:00,1568943360.0,,,,,,1568943483.1,
239,2019-09-19 19:37:00,1568943420.0,,,,,,1568943543.0,
240,2019-09-19 19:38:00,1568943480.0,,,,,,1568943603.1,
241,2019-09-12 17:08:00,1568329680.0,,,,,1568329793.8,,
242,2019-09-18 09:13:00,1568819580.0,,,,,1568819699.0,,
243,2019-09-18 09:14:00,1568819640.0,,,,,1568819759.4,,
244,2019-09-18 19:15:00,1568855700.0,,,,,1568855819.4,,
245,2019-09-18 19:16:00,1568855760.0,,,,,1568855879.4,,
246,2019-09-19 19:36:00,1568943360.0,,,,,1568943480.4,,
247,2019-09-19 19:37:00,1568943420.0,,,,,1568943540.3,,
248,2019-09-19 19:38:00,1568943480.0,,,,,1568943600.7,,
249,2019-09-13 09:08:00,1568387280.0,,1568387624,1568387624,1568387625,,,
250,2019-09-13 09:09:00,1568387340.0,,1568387684,1568387685,1568387685,,,
251,2019-09-13 09:10:00,1568387400.0,,1568387745,1568387744,1568387745,,,
252,2019-09-13 09:14:00,1568387640.0,,1568387984,1568387984,1568387985,,,
253,2019-09-13 09:15:00,1568387700.0,,1568388045,1568388045,1568388045,,,
254,2019-09-13 09:16:00,1568387760.0,,1568388105,1568388104,1568388105,,,
255,2019-09-14 11:08:00,1568480880.0,,1568481233,1568481233,1568481233,,,
256,2019-09-14 11:09:00,1568480940.0,,1568481293,1568481293,1568481293,,,
257,2019-09-16 09:29:00,1568647740.0,,1568648109,1568648110,1568648110,,,
258,2019-09-16 09:30:00,1568647800.0,,1568648169,1568648170,1568648171,,,
259,2019-09-16 09:31:00,1568647860.0,,1568648229,1568648229,1568648229,,,
260,2019-09-16 21:45:00,1568691900.0,,1568692273,1568692273,1568692273,,,
261,2019-09-16 21:46:00,1568691960.0,,1568692333,1568692333,1568692333,,,
262,2019-09-16 21:47:00,1568692020.0,,1568692393,1568692393,1568692393,,,
263,2019-09-17 08:23:00,1568730180.0,,1568730558,1568730558,1568730557,,,
264,2019-09-17 08:24:00,1568730240.0,,1568730618,1568730619,1568730618,,,
265,2019-09-17 08:25:00,1568730300.0,,1568730677,1568730679,1568730677,,,
266,2019-09-17 18:19:00,1568765940.0,,1568766320,1568766320,1568766320,,,
267,2019-09-17 18:20:00,1568766000.0,,1568766381,1568766381,1568766381,,,
268,2019-09-17 18:21:00,1568766060.0,,1568766440,1568766440,1568766440,,,
269,2019-09-18 08:51:00,1568818260.0,,1568818648,1568818646,1568818648,,,
270,2019-09-18 08:52:00,1568818320.0,,1568818707,1568818707,1568818707,,,
271,2019-09-18 08:53:00,1568818380.0,,1568818768,1568818767,1568818768,,,
272,2019-09-18 18:58:00,1568854680.0,,1568855070,1568855070,1568855070,,,
273,2019-09-18 18:59:00,1568854740.0,,1568855131,1568855130,1568855130,,,
274,2019-09-18 19:00:00,1568854800.0,,1568855190,1568855190,1568855190,,,
275,2019-09-19 08:35:00,1568903700.0,,1568904096,1568904096,1568904096,,,
276,2019-09-19 08:36:00,1568903760.0,,1568904155,1568904155,1568904156,,,
277,2019-09-19 08:37:00,1568903820.0,,1568904216,1568904216,1568904216,,,
278,2019-09-19 19:06:00,1568941560.0,,1568941960,1568941960,,,,
279,2019-09-19 19:07:00,1568941620.0,,1568942020,1568942020,,,,
280,2019-09-19 19:08:00,1568941680.0,,1568942079,1568942079,,,,
281,2019-09-13 08:53:00,1568386380.0,1568386881,,,,,,
282,2019-09-13 08:54:00,1568386440.0,1568386941,,,,,,
283,2019-09-13 08:55:00,1568386500.0,1568387001,,,,,,
284,2019-09-13 09:01:00,1568386860.0,1568387371,,,,,,
285,2019-09-13 09:02:00,1568386920.0,1568387430,,,,,,
286,2019-09-13 09:03:00,1568386980.0,1568387490,,,,,,
287,2019-09-14 11:00:00,1568480400.0,1568480908,,,,,,
288,2019-09-14 11:01:00,1568480460.0,1568480968,,,,,,
289,2019-09-14 11:02:00,1568480520.0,1568481029,,,,,,
290,2019-09-16 08:53:00,1568645580.0,1568646114,,,,,,
291,2019-09-16 08:54:00,1568645640.0,1568646175,,,,,,
292,2019-09-16 21:37:00,1568691420.0,1568691953,,,,,,
293,2019-09-16 21:38:00,1568691480.0,1568692013,,,,,,
294,2019-09-16 21:39:00,1568691540.0,1568692073,,,,,,
295,2019-09-17 08:38:00,1568731080.0,1568731622,,,,,,
296,2019-09-17 08:39:00,1568731140.0,1568731682,,,,,,
297,2019-09-17 08:40:00,1568731200.0,1568731742,,,,,,
298,2019-09-17 18:28:00,1568766480.0,1568767021,,,,,,
299,2019-09-17 18:29:00,1568766540.0,1568767081,,,,,,
300,2019-09-17 18:30:00,1568766600.0,1568767142,,,,,,
301,2019-09-18 09:02:00,1568818920.0,1568819470,,,,,,
302,2019-09-18 09:03:00,1568818980.0,1568819529,,,,,,
303,2019-09-18 09:04:00,1568819040.0,1568819589,,,,,,
304,2019-09-18 19:07:00,1568855220.0,1568855768,,,,,,
305,2019-09-18 19:08:00,1568855280.0,1568855828,,,,,,
306,2019-09-18 19:09:00,1568855340.0,1568855889,,,,,,
307,2019-09-19 08:45:00,1568904300.0,1568904858,,,,,,
308,2019-09-19 08:46:00,1568904360.0,1568904918,,,,,,
309,2019-09-19 08:47:00,1568904420.0,1568904978,,,,,,
310,2019-09-19 19:20:00,1568942400.0,1568942957,,,,,,
311,2019-09-19 19:21:00,1568942460.0,1568943017,,,,,,
312,2019-09-19 19:22:00,1568942520.0,1568943076,,,,,,
313,2019-09-19 19:24:00,1568942640.0,1568943197,,,,,,
314,2019-09-19 19:25:00,1568942700.0,1568943257,,,,,,
315,2019-09-20 16:16:00,1569017760.0,1569018315,,,,,,
316,2019-09-20 16:19:00,1569017940.0,1569018495,,,,,,
317,2019-09-20 16:20:00,1569018000.0,1569018555,,,,,,
318,2019-09-23 11:00:00,1569258000.0,,,,,,1569258126.1,
319,2019-09-23 11:01:00,1569258060.0,,,,,,1569258186.1,
320,2019-09-23 11:03:00,1569258180.0,,,,,,1569258306.1,
321,2019-09-24 08:38:00,1569335880.0,,,,,,1569336006.4,
322,2019-09-24 08:39:00,1569335940.0,,,,,,1569336066.5,
323,2019-09-24 08:40:00,1569336000.0,,,,,,1569336126.4,
324,2019-09-24 08:40:30,1569336030.0,,,,,,1569336156.6,
325,2019-09-25 19:34:00,1569461640.0,,,,,,1569461767.9,
326,2019-09-25 19:35:00,1569461700.0,,,,,,1569461827.9,
327,2019-09-25 19:36:00,1569461760.0,,,,,,1569461887.9,
328,2019-09-26 12:28:00,1569522480.0,,,,,,1569522608.6,
329,2019-09-26 12:29:00,1569522540.0,,,,,,1569522668.4,
330,2019-09-26 12:30:00,1569522600.0,,,,,,1569522728.4,
331,2019-09-27 08:38:00,1569595080.0,,,,,,1569595209.3,
332,2019-09-27 08:39:00,1569595140.0,,,,,,1569595269.3,
333,2019-09-27 08:40:00,1569595200.0,,,,,,1569595329.3,
334,2019-09-27 18:28:00,1569630480.0,,,,,,1569630609.6,
335,2019-09-27 18:29:00,1569630540.0,,,,,,1569630669.8,
336,2019-09-27 18:30:00,1569630600.0,,,,,,1569630729.7,
337,2019-09-30 08:45:00,1569854700.0,,,,,,1569854831.8,
338,2019-09-30 08:46:00,1569854760.0,,,,,,1569854891.7,
339,2019-09-30 19:58:00,1569895080.0,,,,,,1569895212.0,
340,2019-09-30 19:59:00,1569895140.0,,,,,,1569895272.1,
341,2019-09-30 20:00:00,1569895200.0,,,,,,1569895332.2,
342,2019-10-01 08:29:00,1569940140.0,,,,,,1569940272.5,
343,2019-10-01 08:31:00,1569940260.0,,,,,,1569940392.3,
344,2019-10-01 08:32:00,1569940320.0,,,,,,1569940452.3,
345,2019-10-01 19:33:00,1569979980.0,,,,,,1569980112.8,
346,2019-10-01 19:34:00,1569980040.0,,,,,,1569980172.8,
347,2019-10-01 19:35:00,1569980100.0,,,,,,1569980232.8,
348,2019-10-02 08:28:00,1570026480.0,,,,,,1570026613.3,
349,2019-10-02 08:29:00,1570026540.0,,,,,,1570026673.2,
350,2019-10-02 08:30:00,1570026600.0,,,,,,1570026733.2,
351,2019-10-02 20:06:00,1570068360.0,,,,,,1570068493.7,
352,2019-10-02 20:07:00,1570068420.0,,,,,,1570068553.5,
353,2019-10-02 20:08:00,1570068480.0,,,,,,1570068613.8,
354,2019-10-03 08:29:00,1570112940.0,,,,,,1570113074.0,
355,2019-10-03 08:30:00,1570113000.0,,,,,,1570113133.7,
356,2019-10-03 08:31:00,1570113060.0,,,,,,1570113193.8,
357,2019-09-23 11:00:00,1569258000.0,,,,,1569258123.7,,
358,2019-09-23 11:01:00,1569258060.0,,,,,1569258183.7,,
359,2019-09-23 11:03:00,1569258180.0,,,,,1569258303.5,,
360,2019-09-24 08:38:00,1569335880.0,,,,,1569336003.7,,
361,2019-09-24 08:39:00,1569335940.0,,,,,1569336063.7,,
362,2019-09-24 08:40:00,1569336000.0,,,,,1569336123.8,,
363,2019-09-24 08:40:30,1569336030.0,,,,,1569336154.0,,
364,2019-09-25 19:34:00,1569461640.0,,,,,1569461765.2,,
365,2019-09-25 19:35:00,1569461700.0,,,,,1569461825.2,,
366,2019-09-25 19:36:00,1569461760.0,,,,,1569461885.1,,
367,2019-09-26 12:28:00,1569522480.0,,,,,1569522605.9,,
368,2019-09-26 12:29:00,1569522540.0,,,,,1569522665.8,,
369,2019-09-26 12:30:00,1569522600.0,,,,,1569522725.7,,
370,2019-09-27 08:38:00,1569595080.0,,,,,1569595206.7,,
371,2019-09-27 08:39:00,1569595140.0,,,,,1569595266.7,,
372,2019-09-27 08:40:00,1569595200.0,,,,,1569595326.7,,
373,2019-09-27 18:28:00,1569630480.0,,,,,1569630607.2,,
374,2019-09-27 18:29:00,1569630540.0,,,,,1569630667.1,,
375,2019-09-27 18:30:00,1569630600.0,,,,,1569630727.2,,
376,2019-09-30 08:45:00,1569854700.0,,,,,1569854829.2,,
377,2019-09-30 08:46:00,1569854760.0,,,,,1569854889.1,,
378,2019-09-30 19:58:00,1569895080.0,,,,,1569895209.4,,
379,2019-09-30 19:59:00,1569895140.0,,,,,1569895269.4,,
380,2019-09-30 20:00:00,1569895200.0,,,,,1569895329.5,,
381,2019-10-01 08:29:00,1569940140.0,,,,,1569940269.9,,
382,2019-10-01 08:31:00,1569940260.0,,,,,1569940389.6,,
383,2019-10-01 08:32:00,1569940320.0,,,,,1569940449.7,,
384,2019-10-01 19:34:00,1569980040.0,,,,,1569980170.4,,
385,2019-10-01 19:35:00,1569980100.0,,,,,1569980230.1,,
386,2019-10-02 08:28:00,1570026480.0,,,,,1570026610.6,,
387,2019-10-02 08:29:00,1570026540.0,,,,,1570026670.5,,
388,2019-10-02 08:30:00,1570026600.0,,,,,1570026730.6,,
389,2019-10-02 20:06:00,1570068360.0,,,,,1570068491.1,,
390,2019-10-02 20:07:00,1570068420.0,,,,,1570068550.9,,
391,2019-10-02 20:08:00,1570068480.0,,,,,1570068611.2,,
392,2019-10-03 08:29:00,1570112940.0,,,,,1570113071.3,,
393,2019-10-03 08:30:00,1570113000.0,,,,,1570113131.2,,
394,2019-10-03 08:31:00,1570113060.0,,,,,1570113191.2,,
395,2019-09-30 11:46:00,1569865560.0,,1569866069,1569866070,1569866069,,,
396,2019-09-30 11:47:00,1569865620.0,,1569866130,1569866130,1569866130,,,
397,2019-09-30 11:48:00,1569865680.0,,1569866189,1569866189,1569866190,,,
398,2019-09-30 19:52:00,1569894720.0,,1569895233,1569895233,1569895233,,,
399,2019-09-30 19:53:00,1569894780.0,,1569895292,1569895293,1569895292,,,
400,2019-09-30 19:54:00,1569894840.0,,1569895353,1569895353,1569895353,,,
401,2019-10-01 08:42:00,1569940920.0,,1569941439,1569941439,1569941439,,,
402,2019-10-01 08:43:00,1569940980.0,,1569941499,1569941499,1569941499,,,
403,2019-10-01 08:44:00,1569941040.0,,1569941558,1569941560,1569941558,,,
404,2019-10-01 19:31:00,1569979860.0,,1569980383,1569980383,1569980384,,,
405,2019-10-01 19:32:00,1569979920.0,,1569980443,1569980444,1569980443,,,
406,2019-10-02 08:21:00,1570026060.0,,1570026588,1570026589,1570026589,,,
407,2019-10-02 08:22:00,1570026120.0,,1570026649,1570026650,1570026650,,,
408,2019-10-02 08:23:10,1570026190.0,,1570026719,1570026720,1570026720,,,
409,2019-10-02 20:01:00,1570068060.0,,1570068593,1570068593,1570068593,,,
410,2019-10-02 20:02:00,1570068120.0,,1570068654,1570068654,1570068654,,,
411,2019-10-02 20:03:00,1570068180.0,,1570068714,1570068715,1570068715,,,
412,2019-10-03 08:36:00,1570113360.0,,1570113900,1570113900,1570113900,,,
413,2019-10-03 08:37:00,1570113420.0,,1570113959,1570113959,1570113959,,,
414,2019-10-03 13:13:00,1570129980.0,,1570130522,1570130522,1570130522,,,
415,2019-10-03 13:14:00,1570130040.0,,1570130583,1570130583,1570130583,,,
416,2019-08-15 09:31:55,1565883115.0,,,,,,,1565883201.0
417,2019-08-15 16:39:55,1565908795.0,,,,,,,1565908884.0
418,2019-08-16 08:35:55,1565966155.0,,,,,,,1565966249.0
419,2019-08-16 16:51:55,1565995915.0,,,,,,,1565996013.0
420,2019-08-19 08:34:55,1566225295.0,,,,,,,1566225418.0
421,2019-08-19 19:02:55,1566262975.0,,,,,,,1566263102.0
422,2019-08-20 08:17:55,1566310675.0,,,,,,,1566310806.0
423,2019-08-20 21:40:55,1566358855.0,,,,,,,1566358990.0
424,2019-08-21 08:37:55,1566398275.0,,,,,,,1566398416.0
425,2019-08-29 08:35:55,1567089355.0,,,,,,,1567089572.0
426,2019-08-29 18:45:55,1567125955.0,,,,,,,1567126175.0
427,2019-08-30 08:47:55,1567176475.0,,,,,,,1567176700.0
428,2019-08-30 18:01:55,1567209715.0,,,,,,,1567209944.0
429,2019-09-04 08:31:55,1567607515.0,,,,,,,1567607787.0
430,2019-09-05 08:33:55,1567694035.0,,,,,,,1567694315.0
431,2019-09-06 18:20:55,1567815655.0,,,,,,,1567815948.0
432,2019-09-09 08:47:55,1568040475.0,,,,,,,1568040792.0
433,2019-09-09 20:11:55,1568081515.0,,,,,,,1568081835.0
434,2019-09-10 08:33:55,1568126035.0,,,,,,,1568126360.0
435,2019-09-10 18:47:55,1568162875.0,,,,,,,1568163204.0
436,2019-09-11 08:41:55,1568212915.0,,,,,,,1568213250.0
437,2019-09-11 19:36:55,1568252215.0,,,,,,,1568252554.0
438,2019-09-12 08:45:55,1568299555.0,,,,,,,1568299899.0
439,2019-09-12 17:13:55,1568330035.0,,,,,,,1568330382.0
440,2019-09-13 08:47:55,1568386075.0,,,,,,,1568386428.0
441,2019-09-13 09:03:55,1568387035.0,,,,,,,1568387388.0
442,2019-09-14 10:56:55,1568480215.0,,,,,,,1568480578.0
443,2019-09-16 09:11:55,1568646715.0,,,,,,,1568647095.0
444,2019-09-16 21:33:55,1568691235.0,,,,,,,1568691619.0
445,2019-09-17 08:36:55,1568731015.0,,,,,,,1568731405.0
446,2019-09-17 18:26:55,1568766415.0,,,,,,,1568766808.0
447,2019-09-18 08:59:55,1568818795.0,,,,,,,1568819194.0
448,2019-09-18 19:03:55,1568855035.0,,,,,,,1568855438.0
449,2019-09-19 08:43:55,1568904235.0,,,,,,,1568904644.0
450,2019-09-19 19:16:55,1568942215.0,,,,,,,1568942627.0
451,2019-09-19 19:28:55,1568942935.0,,,,,,,1568943350.0
452,2019-09-20 16:23:00,1569018180.0,,,,,,,1569018600.0
453,2019-09-26 12:37:00,1569523020.0,,,,,,,1569523494.0
454,2019-09-27 08:23:55,1569594235.0,,,,,,,1569594718.0
455,2019-09-27 08:34:55,1569594895.0,,,,,,,1569595379.0
456,2019-09-27 18:17:55,1569629875.0,,,,,,,1569630360.0
457,2019-09-30 08:54:55,1569855295.0,,,,,,,1569855803.0
458,2019-09-30 19:45:55,1569894355.0,,,,,,,1569894868.0
459,2019-10-01 08:49:55,1569941395.0,,,,,,,1569941913.0
460,2019-10-01 19:24:55,1569979495.0,,,,,,,1569980016.0
461,2019-10-02 08:33:55,1570026835.0,,,,,,,1570027361.0
462,2019-10-02 19:51:55,1570067515.0,,,,,,,1570068046.0
463,2019-10-03 08:41:55,1570113715.0,,,,,,,1570114251.0
464,2019-10-03 13:06:55,1570129615.0,,,,,,,1570130153.0
465,2019-10-16 10:36:55,1571243815.0,,,,,,,1571244467.0
466,2019-10-16 19:46:55,1571276815.0,,,,,,,1571277471.0
467,2019-10-17 08:50:55,1571323855.0,,,,,,,1571324516.0
468,2019-10-18 08:23:55,1571408635.0,,,,,,,1571409305.0
469,2019-10-18 08:34:55,1571409295.0,,,,,,,1571409965.0
470,2019-10-19 13:53:55,1571514835.0,,,,,,,1571515516.0
471,2019-10-22 08:34:55,1571754895.0,,,,,,,1571755600.0
472,2019-10-22 18:56:55,1571792215.0,,,,,,,1571792925.0
473,2019-10-23 08:54:55,1571842495.0,,,,,,,1571843210.0
474,2019-10-23 19:49:55,1571881795.0,,,,,,,1571882513.0
475,2019-10-24 08:46:55,1571928415.0,,,,,,,1571929138.0
476,2019-10-24 19:07:55,1571965675.0,,,,,,,1571966403.0
477,2019-10-25 09:10:55,1572016255.0,,,,,,,1572016989.0
478,2019-10-25 17:30:55,1572046255.0,,,,,,,1572046992.0
479,2019-10-29 08:35:55,1572359755.0,,,,,,,1572360522.0
480,2019-10-30 18:44:55,1572482695.0,,,,,,,1572483474.0
481,2019-09-24 08:50:00,1569336600.0,1569337196,,,,,,
482,2019-09-24 08:51:00,1569336660.0,1569337256,,,,,,
483,2019-09-24 08:52:00,1569336720.0,1569337316,,,,,,
484,2019-09-25 19:28:00,1569461280.0,1569461873,,,,,,
485,2019-09-25 19:29:00,1569461340.0,1569461933,,,,,,
486,2019-09-25 19:30:00,1569461400.0,1569461993,,,,,,
487,2019-09-26 12:34:00,1569522840.0,1569523454,,,,,,
488,2019-09-26 12:35:00,1569522900.0,1569523513,,,,,,
489,2019-09-26 12:36:00,1569522960.0,1569523574,,,,,,
490,2019-09-27 08:21:00,1569594060.0,1569594671,,,,,,
491,2019-09-27 08:22:00,1569594120.0,1569594732,,,,,,
492,2019-09-27 08:23:00,1569594180.0,1569594791,,,,,,
493,2019-09-27 08:32:00,1569594720.0,1569595340,,,,,,
494,2019-09-27 08:33:00,1569594780.0,1569595400,,,,,,
495,2019-09-27 08:34:00,1569594840.0,1569595460,,,,,,
496,2019-09-27 18:21:00,1569630060.0,1569630678,,,,,,
497,2019-09-27 18:22:00,1569630120.0,1569630739,,,,,,
498,2019-09-27 18:23:00,1569630180.0,1569630799,,,,,,
499,2019-09-30 08:59:00,1569855540.0,1569856182,,,,,,
500,2019-09-30 09:00:00,1569855600.0,1569856242,,,,,,
501,2019-09-30 09:01:00,1569855660.0,1569856302,,,,,,
502,2019-09-30 19:47:00,1569894420.0,1569895061,,,,,,
503,2019-09-30 19:48:00,1569894480.0,1569895122,,,,,,
504,2019-09-30 19:49:00,1569894540.0,1569895181,,,,,,
505,2019-10-01 08:52:00,1569941520.0,1569942171,,,,,,
506,2019-10-01 08:53:00,1569941580.0,1569942231,,,,,,
507,2019-10-01 08:54:00,1569941640.0,1569942290,,,,,,
508,2019-10-01 19:26:00,1569979560.0,1569980210,,,,,,
509,2019-10-01 19:27:00,1569979620.0,1569980270,,,,,,
510,2019-10-02 08:36:00,1570026960.0,1570027617,,,,,,
511,2019-10-02 08:37:00,1570027020.0,1570027678,,,,,,
512,2019-10-02 08:38:00,1570027080.0,1570027738,,,,,,
513,2019-10-02 19:55:00,1570067700.0,1570068357,,,,,,
514,2019-10-02 19:56:00,1570067760.0,1570068416,,,,,,
515,2019-10-03 08:44:00,1570113840.0,1570114505,,,,,,
516,2019-10-03 08:45:00,1570113900.0,1570114566,,,,,,
517,2019-10-03 08:46:00,1570113960.0,1570114626,,,,,,
518,2019-10-03 13:09:00,1570129740.0,1570130405,,,,,,
519,2019-10-03 13:10:00,1570129800.0,1570130465,,,,,,
520,2019-10-03 13:11:00,1570129860.0,1570130525,,,,,,
521,2019-10-03 13:18:00,1570130280.0,,,,,,1570130414.2,
522,2019-10-03 13:19:00,1570130340.0,,,,,,1570130474.0,
523,2019-10-03 13:20:00,1570130400.0,,,,,,1570130534.1,
524,2019-10-16 11:07:00,1571245620.0,,,,,,1571245755.7,
525,2019-10-16 11:09:00,1571245740.0,,,,,,1571245875.6,
526,2019-10-16 11:10:00,1571245800.0,,,,,,1571245936.0,
527,2019-10-16 19:54:00,1571277240.0,,,,,,1571277376.1,
528,2019-10-16 19:55:00,1571277300.0,,,,,,1571277436.0,
529,2019-10-16 19:56:00,1571277360.0,,,,,,1571277496.1,
530,2019-10-17 08:25:00,1571322300.0,,,,,,1571322436.5,
531,2019-10-17 08:26:00,1571322360.0,,,,,,1571322496.5,
532,2019-10-17 08:27:00,1571322420.0,,,,,,1571322556.4,
533,2019-10-18 08:43:00,1571409780.0,,,,,,1571409917.5,
534,2019-10-18 08:44:00,1571409840.0,,,,,,1571409977.4,
535,2019-10-18 08:45:00,1571409900.0,,,,,,1571410037.4,
536,2019-10-19 14:00:00,1571515200.0,,,,,,1571515338.6,
537,2019-10-19 14:01:00,1571515260.0,,,,,,1571515398.5,
538,2019-10-19 14:02:00,1571515320.0,,,,,,1571515458.4,
539,2019-10-22 08:25:00,1571754300.0,,,,,,1571754440.6,
540,2019-10-22 08:26:00,1571754360.0,,,,,,1571754500.6,
541,2019-10-22 08:27:00,1571754420.0,,,,,,1571754560.6,
542,2019-10-22 19:05:00,1571792700.0,,,,,,1571792841.0,
543,2019-10-22 19:06:00,1571792760.0,,,,,,1571792900.8,
544,2019-10-22 19:07:00,1571792820.0,,,,,,1571792960.8,
545,2019-10-23 08:31:00,1571841060.0,,,,,,1571841201.6,
546,2019-10-23 08:32:00,1571841120.0,,,,,,1571841261.4,
547,2019-10-23 08:33:00,1571841180.0,,,,,,1571841321.3,
548,2019-10-23 19:59:00,1571882340.0,,,,,,1571882482.0,
549,2019-10-23 20:00:00,1571882400.0,,,,,,1571882541.9,
550,2019-10-23 20:01:00,1571882460.0,,,,,,1571882601.9,
551,2019-10-24 08:29:00,1571927340.0,,,,,,1571927482.4,
552,2019-10-24 08:30:00,1571927400.0,,,,,,1571927542.2,
553,2019-10-24 19:14:00,1571966040.0,,,,,,1571966182.7,
554,2019-10-24 19:15:00,1571966100.0,,,,,,1571966242.5,
555,2019-10-24 19:16:00,1571966160.0,,,,,,1571966302.6,
556,2019-10-25 08:56:00,1572015360.0,,,,,,1572015503.0,
557,2019-10-25 08:57:00,1572015420.0,,,,,,1572015562.8,
558,2019-10-25 08:58:00,1572015480.0,,,,,,1572015622.8,
559,2019-10-25 17:25:00,1572045900.0,,,,,,1572046043.2,
560,2019-10-25 17:26:00,1572045960.0,,,,,,1572046103.3,
561,2019-10-25 17:27:00,1572046020.0,,,,,,1572046163.1,
562,2019-10-29 08:14:00,1572358440.0,,,,,,1572358585.3,
563,2019-10-29 08:15:00,1572358500.0,,,,,,1572358645.7,
564,2019-10-29 08:16:00,1572358560.0,,,,,,1572358705.4,
565,2019-10-30 18:52:00,1572483120.0,,,,,,1572483265.3,
566,2019-10-30 18:53:00,1572483180.0,,,,,,1572483325.4,
567,2019-10-30 18:54:00,1572483240.0,,,,,,1572483385.3,
568,2019-10-03 13:18:00,1570130280.0,,,,,1570130411.7,,
569,2019-10-03 13:19:00,1570130340.0,,,,,1570130471.5,,
570,2019-10-03 13:20:00,1570130400.0,,,,,1570130531.5,,
571,2019-10-16 11:07:00,1571245620.0,,,,,1571245753.1,,
572,2019-10-16 11:09:00,1571245740.0,,,,,1571245873.0,,
573,2019-10-16 11:10:00,1571245800.0,,,,,1571245933.2,,
574,2019-10-16 19:54:00,1571277240.0,,,,,1571277373.4,,
575,2019-10-16 19:55:00,1571277300.0,,,,,1571277433.4,,
576,2019-10-16 19:56:00,1571277360.0,,,,,1571277493.5,,
577,2019-10-17 08:25:00,1571322300.0,,,,,1571322434.0,,
578,2019-10-17 08:26:00,1571322360.0,,,,,1571322493.9,,
579,2019-10-17 08:27:00,1571322420.0,,,,,1571322553.9,,
580,2019-10-18 08:43:00,1571409780.0,,,,,1571409914.9,,
581,2019-10-18 08:44:00,1571409840.0,,,,,1571409974.8,,
582,2019-10-18 08:45:00,1571409900.0,,,,,1571410034.8,,
583,2019-10-19 14:00:00,1571515200.0,,,,,1571515335.9,,
584,2019-10-19 14:01:00,1571515260.0,,,,,1571515395.9,,
585,2019-10-22 08:25:00,1571754300.0,,,,,1571754437.7,,
586,2019-10-22 08:26:00,1571754360.0,,,,,1571754497.8,,
587,2019-10-22 08:27:00,1571754420.0,,,,,1571754557.6,,
588,2019-10-22 19:05:00,1571792700.0,,,,,1571792838.3,,
589,2019-10-22 19:06:00,1571792760.0,,,,,1571792898.2,,
590,2019-10-22 19:07:00,1571792820.0,,,,,1571792958.2,,
591,2019-10-23 08:31:00,1571841060.0,,,,,1571841199.0,,
592,2019-10-23 08:32:00,1571841120.0,,,,,1571841258.8,,
593,2019-10-23 08:33:00,1571841180.0,,,,,1571841318.6,,
594,2019-10-23 19:59:00,1571882340.0,,,,,1571882479.2,,
595,2019-10-23 20:00:00,1571882400.0,,,,,1571882539.2,,
596,2019-10-23 20:01:00,1571882460.0,,,,,1571882599.1,,
597,2019-10-24 08:29:00,1571927340.0,,,,,1571927479.7,,
598,2019-10-24 08:30:00,1571927400.0,,,,,1571927539.4,,
599,2019-10-24 08:31:00,1571927460.0,,,,,1571927599.5,,
600,2019-10-24 19:14:00,1571966040.0,,,,,1571966180.0,,
601,2019-10-24 19:15:00,1571966100.0,,,,,1571966239.7,,
602,2019-10-24 19:16:00,1571966160.0,,,,,1571966300.0,,
603,2019-10-25 08:56:00,1572015360.0,,,,,1572015500.3,,
604,2019-10-25 08:57:00,1572015420.0,,,,,1572015560.1,,
605,2019-10-25 08:58:00,1572015480.0,,,,,1572015620.1,,
606,2019-10-25 17:25:00,1572045900.0,,,,,1572046040.5,,
607,2019-10-25 17:26:00,1572045960.0,,,,,1572046100.7,,
608,2019-10-25 17:27:00,1572046020.0,,,,,1572046160.5,,
609,2019-10-29 08:14:00,1572358440.0,,,,,1572358582.6,,
610,2019-10-29 08:15:00,1572358500.0,,,,,1572358642.9,,
611,2019-10-29 08:16:00,1572358560.0,,,,,1572358702.7,,
612,2019-10-30 18:52:00,1572483120.0,,,,,1572483262.6,,
613,2019-10-30 18:53:00,1572483180.0,,,,,1572483322.6,,
614,2019-10-30 18:54:00,1572483240.0,,,,,1572483382.5,,
615,2019-10-22 08:50:00,1571755800.0,,1571756547,1571756547,1571756547,,,
616,2019-10-22 08:51:00,1571755860.0,,1571756606,1571756606,1571756608,,,
617,2019-10-22 08:52:00,1571755920.0,,1571756667,1571756667,1571756667,,,
618,2019-10-22 18:52:00,1571791920.0,,1571792671,1571792671,1571792671,,,
619,2019-10-22 18:53:00,1571791980.0,,1571792730,1571792731,1571792730,,,
620,2019-10-22 18:54:00,1571792040.0,,1571792790,1571792790,1571792791,,,
621,2019-10-23 08:45:00,1571841900.0,,1571842657,1571842657,1571842657,,,
622,2019-10-23 08:46:00,1571841960.0,,1571842716,1571842717,1571842717,,,
623,2019-10-23 08:47:00,1571842020.0,,1571842777,1571842778,1571842777,,,
624,2019-10-23 19:46:00,1571881560.0,,1571882321,1571882322,1571882321,,,
625,2019-10-23 19:47:00,1571881620.0,,1571882381,1571882381,1571882381,,,
626,2019-10-23 19:48:00,1571881680.0,,1571882441,1571882441,1571882441,,,
627,2019-10-24 08:38:00,1571927880.0,,1571928648,1571928647,1571928648,,,
628,2019-10-24 08:39:00,1571927940.0,,1571928707,1571928707,1571928708,,,
629,2019-10-24 08:40:00,1571928000.0,,1571928767,1571928767,1571928767,,,
630,2019-10-24 19:04:00,1571965440.0,,1571966212,1571966210,1571966210,,,
631,2019-10-24 19:05:00,1571965500.0,,1571966272,1571966272,1571966272,,,
632,2019-10-24 19:06:00,1571965560.0,,1571966332,1571966331,1571966332,,,
633,2019-10-25 09:04:00,1572015840.0,,1572016617,1572016617,1572016619,,,
634,2019-10-25 09:05:00,1572015900.0,,1572016678,1572016678,1572016678,,,
635,2019-10-29 08:27:00,1572359220.0,,1572360043,1572360043,1572360043,,,
636,2019-10-29 08:28:00,1572359280.0,,1572360103,1572360104,1572360104,,,
637,2019-10-29 08:29:00,1572359340.0,,1572360164,1572360164,1572360164,,,
638,2019-10-30 18:41:00,1572482460.0,,1572483300,1572483300,1572483300,,,
639,2019-10-30 18:42:00,1572482520.0,,1572483360,1572483360,1572483360,,,
640,2019-10-30 18:43:00,1572482580.0,,1572483420,1572483420,1572483420,,,
641,2019-10-16 10:39:00,1571243940.0,1571244703,,,,,,
642,2019-10-16 10:40:00,1571244000.0,1571244763,,,,,,
643,2019-10-16 10:41:00,1571244060.0,1571244823,,,,,,
644,2019-10-16 19:49:00,1571276940.0,1571277702,,,,,,
645,2019-10-16 19:50:00,1571277000.0,1571277762,,,,,,
646,2019-10-17 08:44:00,1571323440.0,1571324210,,,,,,
647,2019-10-17 08:45:00,1571323500.0,1571324270,,,,,,
648,2019-10-17 08:46:00,1571323560.0,1571324330,,,,,,
649,2019-10-18 08:26:00,1571408760.0,1571409528,,,,,,
650,2019-10-18 08:27:00,1571408820.0,1571409588,,,,,,
651,2019-10-18 08:28:00,1571408880.0,1571409648,,,,,,
652,2019-10-18 08:32:00,1571409120.0,1571409898,,,,,,
653,2019-10-18 08:33:00,1571409180.0,1571409957,,,,,,
654,2019-10-18 08:34:00,1571409240.0,1571410017,,,,,,
655,2019-10-19 13:55:00,1571514900.0,1571515675,,,,,,
656,2019-10-19 13:56:00,1571514960.0,1571515735,,,,,,
657,2019-10-19 13:57:00,1571515020.0,1571515795,,,,,,
658,2019-10-22 08:39:00,1571755140.0,1571755948,,,,,,
659,2019-10-22 08:40:00,1571755200.0,1571756008,,,,,,
660,2019-10-22 08:41:00,1571755260.0,1571756069,,,,,,
661,2019-10-22 18:59:00,1571792340.0,1571793147,,,,,,
662,2019-10-22 19:00:00,1571792400.0,1571793207,,,,,,
663,2019-10-22 19:01:00,1571792460.0,1571793267,,,,,,
664,2019-10-23 08:57:00,1571842620.0,1571843436,,,,,,
665,2019-10-23 08:58:00,1571842680.0,1571843496,,,,,,
666,2019-10-23 08:59:00,1571842740.0,1571843556,,,,,,
667,2019-10-23 19:52:00,1571881920.0,1571882735,,,,,,
668,2019-10-23 19:53:00,1571881980.0,1571882795,,,,,,
669,2019-10-23 19:54:00,1571882040.0,1571882855,,,,,,
670,2019-10-24 08:48:00,1571928480.0,1571929304,,,,,,
671,2019-10-24 08:49:00,1571928540.0,1571929363,,,,,,
672,2019-10-24 08:50:00,1571928600.0,1571929424,,,,,,
673,2019-10-24 19:09:00,1571965740.0,1571966563,,,,,,
674,2019-10-24 19:10:00,1571965800.0,1571966623,,,,,,
675,2019-10-24 19:11:00,1571965860.0,1571966683,,,,,,
676,2019-10-25 09:11:00,1572016260.0,1572017092,,,,,,
677,2019-10-25 09:12:00,1572016320.0,1572017152,,,,,,
678,2019-10-25 09:13:00,1572016380.0,1572017212,,,,,,
679,2019-10-25 17:33:00,1572046380.0,1572047210,,,,,,
680,2019-10-25 17:34:00,1572046440.0,1572047270,,,,,,
681,2019-10-25 17:35:00,1572046500.0,1572047331,,,,,,
682,2019-10-29 08:38:00,1572359880.0,1572360739,,,,,,
683,2019-10-29 08:39:00,1572359940.0,1572360799,,,,,,
684,2019-10-30 18:46:00,1572482760.0,1572483617,,,,,,
685,2019-10-30 18:47:00,1572482820.0,1572483677,,,,,,
686,2019-10-30 18:48:00,1572482880.0,1572483737,,,,,,
687,2019-11-06 08:59:00,1573055940.0,,,,,,,1573056770.0
688,2019-11-06 18:52:05,1573091525.0,,,,,,,1573092359.0
689,2019-11-07 08:47:00,1573141620.0,,,,,,,1573142459.0
690,2019-11-07 19:51:00,1573181460.0,,,,,,,1573182303.0
691,2019-11-08 08:42:00,1573227720.0,,,,,,,1573228568.0
692,2019-11-09 10:09:00,1573319340.0,,,,,,,1573320198.0
693,2019-11-11 10:25:00,1573493100.0,,,,,,,1573493976.0
694,2019-11-11 21:17:00,1573532220.0,,,,,,,1573533100.0
695,2019-11-12 08:53:00,1573573980.0,,,,,,,1573574863.0
696,2019-11-12 19:05:00,1573610700.0,,,,,,,1573611588.0
697,2019-11-12 19:09:00,1573610940.0,,,,,,,1573611828.0
698,2019-11-14 08:29:00,1573745340.0,,,,,,,1573746242.0
699,2019-11-14 08:34:05,1573745645.0,,,,,,,1573746546.0
700,2019-11-04 14:15:00,1572902100.0,,,,,,1572902249.7,
701,2019-11-04 14:16:00,1572902160.0,,,,,,1572902309.5,
702,2019-11-04 14:17:00,1572902220.0,,,,,,1572902369.6,
703,2019-11-06 08:44:00,1573055040.0,,,,,,1573055190.8,
704,2019-11-06 08:45:00,1573055100.0,,,,,,1573055250.6,
705,2019-11-06 08:46:00,1573055160.0,,,,,,1573055310.6,
706,2019-11-06 19:01:00,1573092060.0,,,,,,1573092211.1,
707,2019-11-06 19:02:00,1573092120.0,,,,,,1573092271.0,
708,2019-11-06 19:03:00,1573092180.0,,,,,,1573092331.1,
709,2019-11-07 08:40:00,1573141200.0,,,,,,1573141351.7,
710,2019-11-07 08:41:00,1573141260.0,,,,,,1573141411.5,
711,2019-11-08 08:34:00,1573227240.0,,,,,,1573227392.5,
712,2019-11-08 08:35:00,1573227300.0,,,,,,1573227452.6,
713,2019-11-08 08:36:00,1573227360.0,,,,,,1573227512.7,
714,2019-11-09 10:16:00,1573319760.0,,,,,,1573319913.7,
715,2019-11-09 10:17:00,1573319820.0,,,,,,1573319973.6,
716,2019-11-09 10:18:00,1573319880.0,,,,,,1573320033.7,
717,2019-11-11 10:16:00,1573492560.0,,,,,,1573492715.7,
718,2019-11-11 10:17:00,1573492620.0,,,,,,1573492775.7,
719,2019-11-11 10:18:00,1573492680.0,,,,,,1573492835.6,
720,2019-11-11 21:28:00,1573532880.0,,,,,,1573533036.2,
721,2019-11-11 21:29:00,1573532940.0,,,,,,1573533096.0,
722,2019-11-11 21:30:00,1573533000.0,,,,,,1573533156.1,
723,2019-11-12 19:24:00,1573611840.0,,,,,,1573611997.0,
724,2019-11-12 19:25:00,1573611900.0,,,,,,1573612057.0,
725,2019-11-12 19:26:00,1573611960.0,,,,,,1573612117.0,
726,2019-11-14 08:46:00,1573746360.0,,,,,,1573746518.5,
727,2019-11-14 08:47:00,1573746420.0,,,,,,1573746578.6,
728,2019-11-14 08:48:00,1573746480.0,,,,,,1573746638.5,
729,2019-11-04 14:15:00,1572902100.0,,,,,1572902247.0,,
730,2019-11-04 14:16:00,1572902160.0,,,,,1572902306.8,,
731,2019-11-04 14:17:00,1572902220.0,,,,,1572902366.9,,
732,2019-11-06 08:44:00,1573055040.0,,,,,1573055188.1,,
733,2019-11-06 08:45:00,1573055100.0,,,,,1573055247.9,,
734,2019-11-06 08:46:00,1573055160.0,,,,,1573055307.9,,
735,2019-11-06 19:01:00,1573092060.0,,,,,1573092208.4,,
736,2019-11-06 19:02:00,1573092120.0,,,,,1573092268.2,,
737,2019-11-06 19:03:00,1573092180.0,,,,,1573092328.4,,
738,2019-11-07 08:39:00,1573141140.0,,,,,1573141289.2,,
739,2019-11-07 08:40:00,1573141200.0,,,,,1573141348.9,,
740,2019-11-08 08:34:00,1573227240.0,,,,,1573227389.8,,
741,2019-11-08 08:35:00,1573227300.0,,,,,1573227449.8,,
742,2019-11-08 08:36:00,1573227360.0,,,,,1573227510.0,,
743,2019-11-09 10:16:00,1573319760.0,,,,,1573319911.1,,
744,2019-11-09 10:17:00,1573319820.0,,,,,1573319971.0,,
745,2019-11-09 10:18:00,1573319880.0,,,,,1573320031.1,,
746,2019-11-11 10:16:00,1573492560.0,,,,,1573492713.0,,
747,2019-11-11 10:17:00,1573492620.0,,,,,1573492773.0,,
748,2019-11-11 10:18:00,1573492680.0,,,,,1573492832.9,,
749,2019-11-11 21:28:00,1573532880.0,,,,,1573533033.4,,
750,2019-11-11 21:29:00,1573532940.0,,,,,1573533093.3,,
751,2019-11-11 21:30:00,1573533000.0,,,,,1573533153.4,,
752,2019-11-12 19:24:00,1573611840.0,,,,,1573611994.3,,
753,2019-11-12 19:25:00,1573611900.0,,,,,1573612054.3,,
754,2019-11-12 19:26:00,1573611960.0,,,,,1573612114.3,,
755,2019-11-06 08:52:00,1573055520.0,,1573056437,1573056437,1573056437,,,
756,2019-11-06 08:53:00,1573055580.0,,1573056496,1573056496,1573056496,,,
757,2019-11-06 08:54:00,1573055640.0,,1573056556,1573056556,1573056557,,,
758,2019-11-06 18:48:00,1573091280.0,,1573092200,1573092200,1573092200,,,
759,2019-11-06 18:49:00,1573091340.0,,1573092260,1573092260,1573092260,,,
760,2019-11-07 08:32:00,1573140720.0,,1573141648,1573141648,1573141648,,,
761,2019-11-07 08:33:00,1573140780.0,,1573141708,1573141709,1573141709,,,
762,2019-11-07 19:47:00,1573181220.0,,1573182151,1573182151,1573182151,,,
763,2019-11-07 19:49:00,1573181340.0,,1573182271,1573182271,1573182271,,,
764,2019-11-11 11:47:00,1573498020.0,,1573498992,1573498992,1573498992,,,
765,2019-11-11 11:48:00,1573498080.0,,1573499052,1573499052,1573499052,,,
766,2019-11-11 21:23:00,1573532580.0,,1573533554,1573533554,1573533554,,,
767,2019-11-11 21:25:00,1573532700.0,,1573533676,1573533676,1573533676,,,
768,2019-11-12 08:58:00,1573574280.0,,1573575262,1573575262,1573575262,,,
769,2019-11-12 08:59:00,1573574340.0,,1573575322,1573575322,1573575322,,,
770,2019-11-12 09:00:00,1573574400.0,,1573575381,1573575383,1573575383,,,
771,2019-11-12 19:19:00,1573611540.0,,1573612527,1573612527,1573612527,,,
772,2019-11-12 19:20:00,1573611600.0,,1573612587,1573612587,1573612587,,,
773,2019-11-14 08:37:00,1573745820.0,,1573746822,1573746821,1573746822,,,
774,2019-11-14 08:38:00,1573745880.0,,1573746882,1573746883,1573746883,,,
775,2019-11-14 08:39:00,1573745940.0,,1573746941,1573746942,1573746942,,,
776,2019-11-14 08:41:00,1573746060.0,,1573747062,1573747062,1573747062,,,
777,2019-11-14 08:42:00,1573746120.0,,1573747122,1573747122,1573747122,,,
778,2019-11-14 08:43:00,1573746180.0,,1573747182,1573747181,1573747182,,,
779,2019-11-06 09:00:00,1573056000.0,1573056923,,,,,,
780,2019-11-06 09:01:00,1573056060.0,1573056983,,,,,,
781,2019-11-06 09:02:00,1573056120.0,1573057043,,,,,,
782,2019-11-06 18:54:00,1573091640.0,1573092562,,,,,,
783,2019-11-06 18:55:00,1573091700.0,1573092622,,,,,,
784,2019-11-06 18:56:00,1573091760.0,1573092682,,,,,,
785,2019-11-08 08:43:00,1573227780.0,1573228718,,,,,,
786,2019-11-08 08:44:00,1573227840.0,1573228778,,,,,,
787,2019-11-08 08:45:00,1573227900.0,1573228838,,,,,,
788,2019-11-09 10:10:00,1573319400.0,1573320335,,,,,,
789,2019-11-09 10:11:00,1573319460.0,1573320396,,,,,,
790,2019-11-09 10:12:00,1573319520.0,1573320456,,,,,,
791,2019-11-11 10:26:00,1573493160.0,1573494121,,,,,,
792,2019-11-11 10:27:00,1573493220.0,1573494181,,,,,,
793,2019-11-11 10:28:00,1573493280.0,1573494242,,,,,,
794,2019-11-11 21:18:00,1573532280.0,1573533240,,,,,,
795,2019-11-11 21:19:00,1573532340.0,1573533300,,,,,,
796,2019-11-11 21:20:00,1573532400.0,1573533361,,,,,,
797,2019-11-12 08:53:00,1573573980.0,1573574949,,,,,,
798,2019-11-12 08:54:00,1573574040.0,1573575009,,,,,,
799,2019-11-12 08:55:00,1573574100.0,1573575069,,,,,,
800,2019-11-12 19:05:00,1573610700.0,1573611668,,,,,,
801,2019-11-12 19:06:00,1573610760.0,1573611728,,,,,,
802,2019-11-12 19:07:00,1573610820.0,1573611789,,,,,,
803,2019-11-14 08:31:00,1573745460.0,1573746425,,,,,,
804,2019-11-14 08:32:00,1573745520.0,1573746485,,,,,,
805,2019-11-14 08:33:00,1573745580.0,1573746545,,,,,,
806,2019-11-16 09:42:00,1573922520.0,,,,,,,1573923441.0
807,2019-11-18 10:07:00,1574096820.0,,,,,,,1574097758.0
808,2019-11-18 20:52:00,1574135520.0,,,,,,,1574136462.0
809,2019-11-18 20:58:00,1574135880.0,,,,,,,1574136823.0
810,2019-11-21 08:24:00,1574349840.0,,,,,,,1574350805.0
811,2019-11-21 08:30:00,1574350200.0,,,,,,,1574351164.0
812,2019-11-23 11:11:00,1574532660.0,,,,,,,1574533643.0
813,2019-11-25 10:21:00,1574702460.0,,,,,,,1574703460.0
814,2019-11-27 10:45:00,1574876700.0,,,,,,,1574877717.0
815,2019-11-14 08:46:00,1573746360.0,,,,,1573746515.9,,
816,2019-11-14 08:47:00,1573746420.0,,,,,1573746576.0,,
817,2019-11-14 08:48:00,1573746480.0,,,,,1573746635.8,,
818,2019-11-16 09:56:00,1573923360.0,,,,,,1573923520.5,
819,2019-11-16 09:57:00,1573923420.0,,,,,,1573923580.5,
820,2019-11-16 09:58:00,1573923480.0,,,,,,1573923640.5,
821,2019-11-18 10:14:00,1574097240.0,,,,,,1574097402.5,
822,2019-11-18 10:15:00,1574097300.0,,,,,,1574097462.6,
823,2019-11-18 10:16:00,1574097360.0,,,,,,1574097522.6,
824,2019-11-18 20:47:00,1574135220.0,,,,,,1574135382.9,
825,2019-11-18 20:48:00,1574135280.0,,,,,,1574135442.8,
826,2019-11-18 20:49:00,1574135340.0,,,,,,1574135502.8,
827,2019-11-21 08:55:00,1574351700.0,,,,,,1574351865.3,
828,2019-11-21 08:56:00,1574351760.0,,,,,,1574351925.2,
829,2019-11-21 08:57:00,1574351820.0,,,,,,1574351985.1,
830,2019-11-23 11:00:00,1574532000.0,,,,,,1574532167.3,
831,2019-11-23 11:01:00,1574532060.0,,,,,,1574532227.3,
832,2019-11-23 11:02:00,1574532120.0,,,,,,1574532287.2,
833,2019-11-25 10:04:00,1574701440.0,,,,,,1574701609.5,
834,2019-11-25 10:05:00,1574701500.0,,,,,,1574701669.6,
835,2019-11-25 10:06:00,1574701560.0,,,,,,1574701729.6,
836,2019-11-27 10:29:00,1574875740.0,,,,,,1574875910.9,
837,2019-11-27 10:30:00,1574875800.0,,,,,,1574875971.1,
838,2019-11-27 10:31:00,1574875860.0,,,,,,1574876031.0,
839,2019-11-16 09:56:00,1573923360.0,,,,,1573923517.8,,
840,2019-11-16 09:57:00,1573923420.0,,,,,1573923577.8,,
841,2019-11-16 09:58:00,1573923480.0,,,,,1573923637.8,,
842,2019-11-18 10:14:00,1574097240.0,,,,,1574097399.8,,
843,2019-11-18 10:15:00,1574097300.0,,,,,1574097460.0,,
844,2019-11-18 10:16:00,1574097360.0,,,,,1574097519.9,,
845,2019-11-18 20:47:00,1574135220.0,,,,,1574135380.2,,
846,2019-11-18 20:48:00,1574135280.0,,,,,1574135440.1,,
847,2019-11-18 20:49:00,1574135340.0,,,,,1574135500.1,,
848,2019-11-21 08:55:00,1574351700.0,,,,,1574351862.6,,
849,2019-11-21 08:56:00,1574351760.0,,,,,1574351922.4,,
850,2019-11-21 08:57:00,1574351820.0,,,,,1574351982.5,,
851,2019-11-23 11:00:00,1574532000.0,,,,,1574532164.5,,
852,2019-11-23 11:01:00,1574532060.0,,,,,1574532224.6,,
853,2019-11-23 11:02:00,1574532120.0,,,,,1574532284.5,,
854,2019-11-25 10:04:00,1574701440.0,,,,,1574701606.8,,
855,2019-11-25 10:05:00,1574701500.0,,,,,1574701666.9,,
856,2019-11-25 10:06:00,1574701560.0,,,,,1574701726.9,,
857,2019-11-27 10:29:00,1574875740.0,,,,,1574875908.3,,
858,2019-11-27 10:30:00,1574875800.0,,,,,1574875968.3,,
859,2019-11-27 10:31:00,1574875860.0,,,,,1574876028.3,,
860,2019-11-16 09:37:00,1573922220.0,,1573923241,1573923242,1573923242,,,
861,2019-11-16 09:38:00,1573922280.0,,1573923302,1573923302,1573923302,,,
862,2019-11-16 09:38:30,1573922310.0,,1573923331,1573923332,1573923332,,,
863,2019-11-18 10:00:00,1574096400.0,,1574097444,1574097444,1574097444,,,
864,2019-11-18 10:01:00,1574096460.0,,1574097504,1574097504,1574097504,,,
865,2019-11-18 10:02:00,1574096520.0,,1574097564,1574097564,1574097564,,,
866,2019-11-18 21:00:00,1574136000.0,,1574137047,1574137047,1574137048,,,
867,2019-11-18 21:01:00,1574136060.0,,1574137108,1574137109,1574137108,,,
868,2019-11-18 21:02:00,1574136120.0,,1574137168,1574137169,1574137168,,,
869,2019-11-18 21:04:00,1574136240.0,,1574137287,1574137288,1574137288,,,
870,2019-11-18 21:05:00,1574136300.0,,1574137349,1574137350,1574137350,,,
871,2019-11-18 21:06:00,1574136360.0,,1574137410,1574137410,1574137410,,,
872,2019-11-21 08:35:00,1574350500.0,,1574351576,1574351576,,,,
873,2019-11-21 08:36:10,1574350570.0,,1574351647,1574351648,,,,
874,2019-11-21 08:37:00,1574350620.0,,1574351696,1574351697,,,,
875,2019-11-21 08:46:00,1574351160.0,,1574352234,1574352235,1574352235,,,
876,2019-11-21 08:47:00,1574351220.0,,1574352295,1574352295,1574352295,,,
877,2019-11-21 08:48:00,1574351280.0,,1574352354,1574352355,1574352354,,,
878,2019-11-23 11:07:00,1574532420.0,,1574533517,1574533517,1574533517,,,
879,2019-11-23 11:08:00,1574532480.0,,1574533577,1574533577,1574533577,,,
880,2019-11-23 11:09:00,1574532540.0,,1574533637,1574533637,1574533637,,,
881,2019-11-25 10:12:00,1574701920.0,,1574703040,1574703039,1574703039,,,
882,2019-11-25 10:13:00,1574701980.0,,1574703099,1574703099,1574703099,,,
883,2019-11-25 10:14:00,1574702040.0,,1574703160,1574703161,1574703160,,,
884,2019-11-27 10:34:00,1574876040.0,,1574877184,1574877184,1574877184,,,
885,2019-11-27 10:35:00,1574876100.0,,1574877245,1574877244,1574877244,,,
886,2019-11-27 10:36:00,1574876160.0,,1574877304,1574877303,1574877303,,,
887,2019-11-16 09:44:00,1573922640.0,1573923601,,,,,,
888,2019-11-16 09:45:10,1573922710.0,1573923671,,,,,,
889,2019-11-16 09:46:00,1573922760.0,1573923721,,,,,,
890,2019-11-18 10:09:00,1574096940.0,1574097956,,,,,,
891,2019-11-18 10:10:00,1574097000.0,1574098016,,,,,,
892,2019-11-18 10:11:00,1574097060.0,1574098076,,,,,,
893,2019-11-18 20:54:00,1574135640.0,1574136655,,,,,,
894,2019-11-18 20:55:00,1574135700.0,1574136715,,,,,,
895,2019-11-18 20:57:00,1574135820.0,1574136835,,,,,,
896,2019-11-21 08:31:00,1574350260.0,1574351270,,,,,,
897,2019-11-21 08:32:00,1574350320.0,1574351330,,,,,,
898,2019-11-21 08:33:00,1574350380.0,1574351390,,,,,,
899,2019-11-23 11:13:00,1574532780.0,1574533786,,,,,,
900,2019-11-23 11:14:00,1574532840.0,1574533846,,,,,,
901,2019-11-23 11:15:00,1574532900.0,1574533906,,,,,,
902,2019-11-25 10:23:00,1574702580.0,1574703650,,,,,,
903,2019-11-25 10:24:00,1574702640.0,1574703710,,,,,,
904,2019-11-25 10:25:00,1574702700.0,1574703770,,,,,,
905,2019-11-27 10:47:00,1574876820.0,1574877885,,,,,,
906,2019-11-27 10:48:00,1574876880.0,1574877946,,,,,,
907,2019-11-27 10:49:00,1574876940.0,1574878006,,,,,,
